customer_id,cluster,pca_x,pca_y
10001,2,-3.309855794228949,1.7153299536494158
10002,3,-0.8042642356777732,0.5046790286873039
10003,0,1.3887382049677388,0.34474601030808333
10004,0,2.1387491730901016,0.8195531173659133
10005,0,3.0282245753351593,1.125863112659671
10006,1,-2.125540810731432,0.2775810538934259
10007,3,0.23354576551767203,0.1765454479139721
10008,3,-0.2870722877338703,0.1683724441437537
10009,0,1.3241160314756208,-0.16031723487757477
10010,0,0.4965518501998418,2.134351174168619
10011,2,-3.770570903881433,1.1713171612108553
10012,0,1.3381838580165322,0.525558060346141
10013,0,1.2495043574465983,-0.18474124785225846
10014,3,0.7317540000746009,-0.4924538728533182
10015,3,0.1762446716611107,-0.6616517118112728
10016,3,-0.055078599032368086,0.014714133619896277
10017,2,-1.0318781127517647,0.7969739355381158
10018,1,-2.491062454422839,0.1400096671764343
10019,1,-1.3673913253218108,-0.8281780812036079
10020,3,-0.5549387377579182,-0.1982680863974034
10021,3,0.39070659489554893,-0.9321327884848859
10022,1,-1.1183546009355214,0.28497674472552514
10023,3,-0.6161122674375499,-0.576906886127259
10024,0,2.4042841616730306,0.12877525615447846
10025,1,-1.8699227299894032,-0.9297266888661346
10026,3,-0.2511452082187335,-0.37658175422024853
10027,0,1.3868259956329863,0.031890356933053296
10028,1,-0.6736580558910952,-0.6956309643601561
10029,3,0.37866823859890075,-0.9781634607625747
10030,3,-0.6533887874380596,-0.13737550718278782
10031,2,-0.622132762745305,2.3780763111727934
10032,0,0.6371460025421622,0.7515813112963365
10033,0,1.6684670322030901,0.37945322286137667
10034,2,-0.5780203788903334,1.4001891135079099
10035,3,-0.2601371098381096,-0.8903259858887757
10036,3,0.27979373670211327,0.09548389902573985
10037,3,-0.223964509929825,-1.14760178383459
10038,1,-1.5543407335635937,-1.7997196383952307
10039,1,-1.1977082512965616,-1.3817951817307796
10040,3,-0.12924858461547054,-0.7457569613638315
10041,3,-0.4424923750110377,-0.8342079255441627
10042,1,-1.4637068069682597,-0.6642209721025524
10043,3,0.25670277738072256,-1.0465493398209549
10044,2,-1.9849369905040795,0.6853468640565736
10045,3,0.7931292737212459,-0.22698053415521527
10046,3,0.1380902299912816,-0.7207253053606482
10047,3,-0.3444484484819552,-0.3869048815788357
10048,1,-1.3462678376219137,0.31706343304444434
10049,0,1.735108564326768,0.5759096740040953
10050,0,1.1997416659825582,-0.51778863380509
10051,0,1.749821723910992,0.7031590440545049
10052,3,-0.5231339648114751,-0.04965854430522688
10053,3,0.7292786830899566,-0.5636155530236934
10054,0,1.9559201414299332,0.07553090054942492
10055,1,-0.9872101306040787,-1.225301984842619
10056,3,0.006108994696369516,0.4258550162244362
10057,1,-1.369640471760874,-0.7277632324858674
10058,3,0.15249962674672768,-0.06307417749391099
10059,3,0.5604260361873257,-0.2659610784935052
10060,3,0.4040845410285819,0.2507576912997637
10061,3,-0.3467715286206212,-0.8662088748578783
10062,1,-1.8266165373482937,-1.1389029013379286
10063,0,1.5480918344265682,0.7187063961406683
10064,1,-1.2863216075386459,-0.9861919593432188
10065,2,-5.589535527478119,0.8932198747275143
10066,1,-1.8649721110713395,0.0749438689959126
10067,3,0.15231658546780616,0.4147372267818189
10068,3,0.3344156102378169,-0.6542381296760713
10069,3,0.06382862495229967,1.3693434296222846
10070,3,-0.1260341306737364,1.5680331320117478
10071,2,-1.1674181974037148,0.8147991851881478
10072,3,0.06089583076991708,-0.7247273256661884
10073,3,-0.10516240165980258,-0.2948167900713148
10074,3,0.20224823796468994,-0.3796064837408311
10075,1,-2.6663285415083684,-0.3950580909998706
10076,3,-0.04340355706485361,-1.0011689370569026
10077,3,0.7009211023425863,-0.31126872653563115
10078,3,0.7209104934541565,-0.038507407685734255
10079,0,1.9540698493882593,-0.07934091788455519
10080,2,-1.0823448292841111,1.3353761125072485
10081,0,1.6047523453392998,-0.3187950137846263
10082,1,-0.9391465519718952,-0.1906067949525466
10083,3,0.24162046405958235,-0.841443740655022
10084,3,0.7732327510147341,-0.4798814851573809
10085,3,0.22270785197120316,-0.8033307555306134
10086,0,1.6000207474635735,-0.06653269395666876
10087,3,0.3563302665569626,0.007621187687090486
10088,0,1.5209235868774034,0.14850562412792775
10089,3,0.23637500640833758,-0.9330822176672079
10090,0,2.2171417001796474,-0.05192881667715353
10091,0,1.853350668981882,-0.21231376996204046
10092,2,-1.2848658341659345,2.1388597014459347
10093,3,0.7098991663868661,-0.08827366021852875
10094,1,-2.3953118845450523,-1.7193229522310733
10095,0,1.2466189158407754,-0.30163889521232856
10096,0,1.414389506508216,-0.4343344846349906
10097,0,2.324015363268779,-0.04700800340276945
10098,1,-2.0717136498625917,-1.3635129716371688
10099,3,0.15228275626937476,-0.8915352798438517
10100,3,0.20752898093523955,-0.4261495621502534
10101,1,-0.865751423691929,-0.7648703032821733
10102,3,0.25198102114683935,0.056105425977303336
10103,0,0.6236109536616075,0.6132155802628075
10104,0,1.8982308323575028,0.18785775243680955
10105,0,2.048948039979926,1.3503931591003162
10106,3,0.6988281889761139,-0.31913581369878397
10107,3,-0.30375156420453503,0.6837273149569842
10108,0,0.912214532289649,0.2867176009178062
10109,0,1.8573218549237853,0.2258350233886691
10110,1,-2.4952234250260514,0.12325916159850091
10111,3,-0.5314304083146717,0.03136115657047159
10112,3,0.5591972590798413,0.2521450988356492
10113,1,-2.4782201397934274,-1.896586151885454
10114,0,1.1684227769254865,0.10112347877185099
10115,3,0.8248665304682385,-0.34068834406219267
10116,1,-1.26756085271119,-0.6125176497573823
10117,3,0.4199707717334016,-0.6977633245128253
10118,1,-0.9824857507474903,-0.2636242912917615
10119,0,1.3947059692338681,-0.05304107996508128
10120,3,0.793138295258466,-0.651892602694589
10121,3,-0.3453832058905851,-0.8654304440680303
10122,2,-0.9473718724625667,1.1946071252812278
10123,0,2.374435809702778,0.2230076728303455
10124,0,0.9043557092366705,0.1951267379341267
10125,3,-0.38148159618944755,-0.49334082662184586
10126,3,-0.3078990531166479,0.15820782795638366
10127,0,1.274637275532517,-0.5126933828852646
10128,2,-0.6717660369576243,1.3476260422022563
10129,0,1.4123467693014755,-0.476906763043572
10130,3,0.3502830770243001,0.27678885640592177
10131,1,-1.0880200941929965,-1.2237422764510704
10132,3,0.09246456082129678,-0.4411620519543787
10133,3,0.29873066910630947,-0.4605969878223103
10134,0,1.1490572385056057,0.20155392798987504
10135,0,0.7713781564396349,1.5909704876024755
10136,0,1.7901572415607008,0.1272610274638757
10137,3,-0.25343990237132286,-0.5538375826884662
10138,1,-0.6094192295038524,-0.5194692255922109
10139,1,-0.5354821124440322,-0.966893612076471
10140,3,-0.09918069584890492,-0.7288979343557435
10141,3,0.5881139484790215,0.006805357157053321
10142,0,2.1684310404915395,-0.0034672890674553557
10143,0,2.1873060423812722,-0.1672529612789846
10144,3,0.2732089425870181,1.26718129573058
10145,0,0.967729429722236,-0.2614594295729459
10146,0,1.53598396489184,0.08925349238757696
10147,3,0.8934002702823752,-0.36891149442092236
10148,3,-0.5061502964775811,0.22150487951454256
10149,1,-1.9598125039355425,0.19686204614496708
10150,2,-3.283925200187858,3.081227883532714
10151,2,-0.8570245028416537,1.0257907786672629
10152,3,0.4972024309871336,-0.2578182581131115
10153,3,-0.057055527822119964,0.516903960839219
10154,2,-2.516826575176985,1.4769224361901265
10155,2,-4.987098931762693,1.398736197960846
10156,2,0.017664638475721136,2.873498315873382
10157,3,-0.31528781383758586,-0.9356530169801418
10158,3,-0.11983685397615713,-1.0440249894704579
10159,2,-1.099997235671857,0.8183762814220229
10160,0,1.1913023841740296,-0.5225205283868292
10161,3,0.7678426775365881,-0.5027119891556046
10162,3,0.1688748765933044,-0.4478228693163612
10163,1,-0.5937627085211944,-1.3534342389976348
10164,3,0.7914007345570356,-0.7467448749584676
10165,3,0.4802906526310523,-0.3587965358652276
10166,0,1.216178365103952,0.9125598543494895
10167,0,2.196862343558577,-0.09239901946170938
10168,3,0.061538309329248586,0.7687732638835858
10169,0,0.7979327163316791,0.4164967581061682
10170,3,0.2193066901337537,0.41030661246116945
10171,0,1.0013323987330613,-0.2846101684125573
10172,3,0.18729097275631698,-0.12643971066414558
10173,3,0.06820694382881527,0.7163147811909938
10174,3,-0.8396691439993242,0.5560075364219023
10175,1,-1.7715274257874776,-1.0925176441042757
10176,0,1.9498036458975074,-0.08173297275847644
10177,2,-1.3044649541830187,0.8053333771177069
10178,0,0.8004045001430039,0.973896789693778
10179,1,-1.6018319065527173,-1.0416880007233298
10180,3,-0.03507247871818921,-0.7365447539512414
10181,0,1.264096402703364,-0.3442347751040971
10182,3,0.5404741720755505,-0.5755999781473071
10183,1,-0.6995410426176182,-1.1511907237916403
10184,0,1.5741921233748317,-0.0743767987260728
10185,3,0.7089457871828544,0.08556064305030663
10186,0,1.045336707152407,-0.07456311930748377
10187,1,-0.9237681010304143,-1.533342795827583
10188,3,0.3796901073600078,-0.8091334073065094
10189,1,-1.292387396252427,-0.8674566540872519
10190,3,0.6884131806928389,-0.4164713607299933
10191,0,1.0498592999366587,1.9091103520441326
10192,3,-0.14798414964724912,-1.1034867677259146
10193,3,0.8627851809548002,-0.4732617669762268
10194,3,0.22097962773262836,-0.8093374059897328
10195,3,0.6081029824302834,-0.23922867534363823
10196,1,-0.512444389254317,-1.177062514426899
10197,0,1.2498875378116596,-0.0034639440329692177
10198,0,1.1035355377451541,0.736035175716882
10199,3,-0.022335039748981964,0.15504678290427373
10200,3,0.7185678534781527,0.09095572339018165
10201,2,-3.3948634698308107,0.13329845640356566
10202,3,-0.21627003819906657,-1.0494651005054245
10203,3,-0.5671170655874284,-0.331474261513571
10204,3,0.46227426022243123,-0.8441012398328075
10205,1,-0.9939872804327388,-1.2001929581072717
10206,3,0.5010193529292498,-0.4233533833097703
10207,1,-0.807706040521471,-0.9444341576254808
10208,1,-1.9238406909443742,-1.7795702534142095
10209,0,2.0273098721486558,-0.13209773303921907
10210,1,-1.2463062876058877,-0.9057457502313411
10211,3,-0.08565783663765152,-0.6563148376941039
10212,2,-1.2399726849858224,0.817710191678737
10213,3,-0.24717564955519464,-0.28877193143296004
10214,2,-0.6311009775847953,1.5899008912055463
10215,1,-1.1873330152234554,-0.015252657142842652
10216,1,-3.2390862807993903,-2.4975716916850774
10217,3,-0.628258365566494,-0.3650299075998123
10218,0,1.132130605810048,-0.29918241395502493
10219,0,1.2573705800374564,-0.13004485810208077
10220,2,-1.8212033544497248,2.6227084037175197
10221,3,-0.26798149305983665,-0.4748066032134718
10222,1,-1.200162097927823,0.2297409210156339
10223,2,-2.032300749435942,0.8093750076173934
10224,0,1.6773788118573019,0.6044555577765532
10225,3,-0.5833908789447426,0.1396416049974558
10226,0,1.0607801767700828,-0.49302287085300367
10227,0,1.2925567573583105,0.9292035641520389
10228,2,-1.7904509161297066,2.8128071938795034
10229,0,1.1979494388750118,0.8325651455023626
10230,3,-0.33173738726440494,0.8408042267230065
10231,3,-0.011991254303324355,-0.6784980006322676
10232,2,-0.24579750221406566,1.6736504890155248
10233,1,-2.953057999111638,-2.032050489642683
10234,3,-0.25872371090866425,0.4953247320767532
10235,3,0.1821968522739654,-0.12260238424362578
10236,0,1.2557913023239557,-0.36062266495378736
10237,3,0.6007421051060858,-0.6356858488991699
10238,0,0.3884222708649766,2.1290465025623897
10239,3,0.7398504707436262,0.1900732907240223
10240,0,2.1564211819392427,0.07107146056208202
10241,3,-0.24407654725380232,0.54121782472639
10242,3,-0.2893800493386803,-0.21861348192868457
10243,3,0.15718494993594084,0.5541553277184984
10244,3,-0.2396684089827117,-0.9384458628495161
10245,0,1.6523094901408886,-0.3126642828888277
10246,3,-0.15294872040061014,0.11439904611004176
10247,0,1.1769373684413957,1.5008484936232351
10248,1,-1.568400869454046,-0.30168389482148594
10249,3,0.8232473317762832,-0.06831170342087373
10250,1,-0.8239857477810243,-0.9305044530846425
10251,3,0.07485100996579723,-0.8477667306741138
10252,0,1.487085414162906,-0.26949092859325896
10253,2,-5.160770220818945,0.3046497405844793
10254,3,0.43435487186777105,-0.11868794284082185
10255,3,0.8129737909394226,-0.5883753809241901
10256,3,-0.69874315305133,-0.36599606022128406
10257,0,1.8356177466057708,-0.09147995066321325
10258,1,-0.9208069002104641,-1.4444980234039377
10259,1,-2.242550184352267,-0.6591440589451384
10260,3,0.13154338592535703,0.06695735878781847
10261,3,0.5616715449824324,-0.40035080386625166
10262,0,1.8043662583400193,0.06536624137069366
10263,3,-0.582463150067918,0.04785230327518579
10264,3,0.4646653904366811,0.7332528131267999
10265,0,1.7759025030058557,-0.2433658376910919
10266,3,0.8224561238247942,-0.729332157674705
10267,0,2.3157466967138283,1.0911198314616848
10268,3,0.3240477291216357,-0.27203288267907005
10269,0,0.7440791079088418,0.7350388318771396
10270,0,0.9120263008782182,3.282743694825621
10271,2,-2.371922708548906,2.5754740546321617
10272,0,1.5808104705121422,-0.13267301342372867
10273,1,-1.9099838537699227,-1.9317521495520553
10274,3,0.8813054626774118,-0.5714705306947202
10275,3,0.15149548180879105,-0.5431515701696393
10276,3,0.2866951227731819,-0.2945767761721391
10277,3,0.29065550384972694,-0.07279478371899842
10278,0,1.2979970066496485,-0.05487018778867823
10279,3,-0.027526569475626286,-0.252799402346023
10280,3,-0.9753789020598254,0.4799152475962501
10281,2,-0.5958729983613719,2.180750819295671
10282,0,1.7483063831328896,0.5114034763214887
10283,1,-0.4448002365460637,-1.271424095014411
10284,2,-0.7163632475561486,1.6292788757091914
10285,0,1.6923795942948656,0.23794719622702262
10286,3,0.03862671795838942,-0.7372135889103566
10287,3,0.06379407507085963,-0.505141206550301
10288,1,-1.68748080723678,-0.7316070427611813
10289,1,-1.3776775642834331,-0.3928983606359141
10290,3,-0.1766775751059244,0.556824758534165
10291,3,0.47644789126035386,-0.820657240515187
10292,3,0.10286518315015314,-0.48332149582910444
10293,2,-2.4076548303946343,2.474105918771857
10294,3,-0.09648404719165614,0.14597130668814629
10295,2,-1.023378407311862,0.7161556132822733
10296,3,-0.3678074996797542,-0.6113253771883892
10297,1,-1.9759330391605616,-1.4250886888958756
10298,3,-0.38975251844439623,0.2038959690390596
10299,2,-1.3468026836474989,3.547712535659976
10300,0,1.701069548318826,0.7223340122868219
10301,3,-0.3576551749370695,0.2174940645916299
10302,0,1.2701399402250293,0.6936357687362064
10303,1,-1.0341039632402227,-0.025888217516903657
10304,1,-3.9903577750666717,-1.9656916925435557
10305,2,-1.266165565504175,2.104152368270628
10306,1,-1.470522961754925,-0.5808583505382289
10307,3,0.774106013263018,-0.4010106863501161
10308,3,-0.0903782380716286,-0.8547390538024265
10309,0,1.9975142904889949,-0.11910839016975498
10310,2,-1.2535775481836675,0.8965401899798336
10311,3,0.6224689456710111,-0.05680483624050794
10312,3,-0.35299579736735787,0.04573770989525102
10313,2,-1.1197578541587803,1.9262026179257412
10314,3,0.6076873299706606,-0.0694043036112127
10315,0,1.643000392428142,0.030853841410790804
10316,0,1.8051920474240195,0.20897892707169632
10317,0,0.848719041093669,0.4449725858389086
10318,3,-0.6429653509549288,0.14319251779565748
10319,2,-0.7352105218805705,0.9633150766056392
10320,0,0.721204184370768,0.2557977450092671
10321,1,-1.309379914579305,-0.35387775218199413
10322,0,1.7761018621890483,-0.25562707772946563
10323,3,0.18035901555530467,0.8663827361247777
10324,1,-0.4638794259256694,-1.2754838003225142
10325,2,-3.242857577320789,1.5698866458671754
10326,2,-1.5017433370926643,1.116224338398386
10327,0,2.166011920661212,0.06467204941440381
10328,1,-1.1589606012685039,-1.2199263131421771
10329,1,-2.2219641826859133,-1.7093115470524407
10330,2,-1.4098768258035357,1.1677337744943597
10331,1,-0.9822483919773494,-0.9122493889573026
10332,3,0.4315582260176923,-0.8982223033091192
10333,3,0.6249603922791623,0.20023363853449563
10334,0,0.8183676215787921,0.05972889560706436
10335,1,-1.9433348001831066,-1.3787155447097301
10336,3,0.6638549027806422,-0.46282834384261407
10337,3,0.6866484699742955,-0.6370222436046133
10338,1,-1.1207847404661213,-0.2830846321938149
10339,3,0.6387957384081588,-0.4878840129877683
10340,3,-0.7399422130155586,0.008271255553202898
10341,0,0.8049528317416722,0.1762902930319922
10342,3,0.6877999860493992,-0.6237712278701847
10343,3,0.27236716694928376,-1.1094539049785865
10344,1,-2.9026013922720186,0.060571453957332363
10345,3,0.042829944838745936,-0.8110362482925374
10346,3,0.48738452230064705,-0.18045015038289816
10347,3,-0.03392764197651244,-0.7359028454455387
10348,2,-2.335206741512936,3.0371078523518986
10349,3,0.79076423084357,-0.03412945226257595
10350,3,0.4255221088378102,-0.34591297330231924
10351,1,-0.6553428601155167,-1.3392448890337776
10352,0,1.189751383043563,0.5490045555499968
10353,0,1.189636310025138,0.08683632217380564
10354,3,0.5568728366784456,-0.4046417681094133
10355,3,0.9337213546012746,-0.6166600754791929
10356,3,-0.321934949957114,-0.281185391851796
10357,1,-1.2479977328733431,-0.9211115960928603
10358,0,1.369569676405204,0.8135126105962878
10359,3,-0.6277449940524136,0.9858904148367146
10360,0,0.9550720131150071,0.08178163117643132
10361,1,-1.5069134367129484,-0.20380745735326156
10362,1,-1.2336773314464047,-0.8986647105670785
10363,0,1.4110970070926576,1.0342235096042918
10364,3,0.18725832398385805,-0.9170296636196734
10365,3,0.024968115394211905,-1.0501048680241223
10366,0,1.2186945493326744,2.0037760617513536
10367,1,-1.0419016252136657,-1.075747324244983
10368,2,-1.3917319797696737,1.4249693478853809
10369,3,-0.47034363295261267,0.3286786512122809
10370,3,-0.4393311840383484,-0.22063150887938235
10371,0,1.833833476957898,-0.22530146889029104
10372,1,-1.9480440310959124,-0.9504714873801425
10373,0,0.9210379023680549,-0.10735867899220737
10374,3,-0.3297310920276346,0.10246182595882487
10375,0,2.912453103804004,0.8247811564704232
10376,1,-3.2548195183830755,-1.8806054193670134
10377,3,0.16974893601484947,0.48070910115205134
10378,3,-0.6277224882487791,0.3276209580013647
10379,3,-0.3633813728612522,-0.6590738408749633
10380,0,1.247874375827511,-0.475303822170306
10381,0,1.3225282236465596,-0.43344550460068176
10382,3,-0.38264216922706734,-0.8718299860672781
10383,0,1.3849407724741611,0.11801774559273817
10384,3,0.24637586403691022,0.5169801289841031
10385,3,-0.147204919135585,-0.40708733174944206
10386,0,1.1238582562389452,0.1633206395631235
10387,3,-0.14624857935319016,-1.1025136356683518
10388,3,-0.8530965287488689,-0.10540441279990534
10389,3,0.9082037952546096,-0.5940691164210922
10390,3,0.6195953176589611,-0.051722482514655756
10391,3,0.5441183078185727,-0.716938724336126
10392,1,-2.0962402694778124,0.07677495599290386
10393,3,0.5916702783162638,-0.8194527066627765
10394,0,1.3806360193444118,0.20942647879644097
10395,0,1.1525421296636333,-0.10163760607690522
10396,3,0.2481230889831041,0.010350072873292706
10397,2,-0.3703746255818053,1.4310317271307604
10398,3,-0.05918258337127916,-0.7920551398273835
10399,1,-0.6380805880050148,-1.2475065713533964
10400,1,-0.8176342190819685,-0.5490306746703894
10401,3,-0.08456963453100444,-0.1524938053880079
10402,1,-1.0274803574130098,-0.9718366457780133
10403,3,0.00602376497537065,-1.0127358816283727
10404,3,0.4172329197182197,-0.47629972011106325
10405,1,-0.49008905590144897,-1.0192597497237368
10406,0,1.2260856609822661,0.29713915110902683
10407,3,0.33566698802397615,-0.9210015452428107
10408,0,1.0996334187415193,0.5313830477440153
10409,3,0.7073731671892315,-0.5323057324980522
10410,1,-0.5250621617929683,-0.9610511589926158
10411,0,1.9267408800407309,1.2936486860333296
10412,0,1.3116711400609677,-0.37215692332802264
10413,3,-0.43030101711090973,-0.3027527366509018
10414,1,-1.2535870950031198,0.03478319543742275
10415,1,-2.2663120037781916,-1.4135349434407851
10416,0,1.8930939186178308,0.05420084510077779
10417,1,-1.2661722237728001,-0.49537985559476194
10418,0,1.2760073073527087,-0.4052528125565372
10419,0,1.1204292861418221,0.8045965568237845
10420,0,1.7565728823989488,0.33302936911908537
10421,3,-0.06679637396641608,1.3396943742276515
10422,0,1.6037489497525994,-0.251981482177333
10423,3,0.8622342518352039,-0.6198441809783022
10424,0,1.5145778344665919,1.1650120542024993
10425,3,0.8118142962762315,-0.5542365617772188
10426,1,-1.6734691691031383,-0.3843794756613943
10427,3,0.1869415697728457,-0.6105488345070861
10428,1,-3.261021688239481,-2.036268245701978
10429,1,-1.232190683411468,-0.7036539904761381
10430,3,0.5441080893653876,-0.3903903144523927
10431,3,0.19836698132773126,0.2225965479789501
10432,1,-1.0260413495924068,-0.7675602300802745
10433,3,0.7874188182073165,-0.31736681019082796
10434,2,-2.000151590294513,2.135167463603059
10435,3,0.13687959502118036,-0.4642496583332994
10436,1,-2.3429736308272484,-0.21287927213047075
10437,0,2.061860597430908,0.9342747069637627
10438,3,0.4272964990566766,-0.8201210106093846
10439,3,0.33700983255561506,-0.739967983408624
10440,2,-0.24440448183922922,1.5931588917163721
10441,1,-0.9392046688696084,-1.5419980597915277
10442,3,-0.09668124971433303,-0.6823913579542716
10443,3,0.07762147636964487,-0.5861729657056121
10444,3,0.6695036588911352,-0.11761696321839353
10445,3,0.5149515496180036,-0.8188765848722883
10446,2,-1.8275019122214242,1.2095426667542115
10447,3,0.49407893292322824,-0.8631670224256393
10448,3,-0.5999651823494888,0.5175533059096199
10449,3,-0.41235219073782525,-0.06960272806411102
10450,2,-4.981676768201995,4.474640110514701
10451,3,-0.43422038436521465,-0.08186419643139499
10452,1,-0.5408596474613053,-1.0622182672486948
10453,3,0.37612601521097233,0.2366817160130589
10454,0,0.591321227177595,0.8566640643358577
10455,0,1.1772339946204733,0.4353136765449241
10456,3,-0.1766582947756301,0.44984284145150044
10457,2,-0.8109419333128323,1.6198409422812075
10458,2,-1.6788086327539553,2.0922579269373656
10459,3,0.5367376248059166,-0.8023497259712148
10460,0,3.2850314909622025,1.1643131014366286
10461,3,-0.7986452464110189,0.6242021336902246
10462,3,-0.3186759660579282,1.1591850259341379
10463,3,0.1569108530241863,1.4849350286681016
10464,3,-0.13674693357642492,-0.22534176607735298
10465,3,0.6753162130587786,-0.07507709027998578
10466,3,-0.3752724826947812,0.29328756872882217
10467,3,0.21100514317735497,0.7151088879833123
10468,1,-1.02886956978323,-0.42040828599282615
10469,1,-2.5921431229801954,-0.3525882896278752
10470,3,0.11984597479712049,-0.38652854674059417
10471,2,-2.0763649155412223,1.4043257660587674
10472,0,1.1091606673050345,0.12458672825389039
10473,0,1.2762045802228865,0.11796438342066135
10474,0,1.1078235603752824,-0.5693269987696601
10475,3,0.4242272492215319,-0.4295119960929631
10476,3,0.07916517728537273,0.11807980137746735
10477,1,-1.605851918703581,-0.5842359431914844
10478,1,-1.4801044303572533,-1.269214603530838
10479,0,1.6493105048139012,0.7630865554752638
10480,0,1.964187178871257,0.21094286426585293
10481,3,-0.33732105219206177,-1.1224632974029878
10482,3,0.38942093172144726,0.6407775320351956
10483,0,0.9697187569394294,0.798474516463138
10484,3,0.09313693893570754,0.644708901464688
10485,0,1.8117541989223116,0.35733149122243807
10486,1,-1.8507851056638336,-1.4770547869533261
10487,0,1.5395618009196121,-0.22457062283588536
10488,0,1.4067643358024977,-0.24475308203925436
10489,3,0.3197483920965717,0.8573537514666605
10490,2,-2.02587279613217,1.7284156771903068
10491,3,0.06503454408294443,-0.8052797510227137
10492,0,1.713042763767831,0.07224611163895438
10493,3,-0.09922936118947542,-0.336595281953084
10494,0,2.7800454167741555,0.12150303698846603
10495,3,0.8356535336861426,-0.37910643202514094
10496,0,1.9796754365465132,0.0016660334344720897
10497,0,2.2479813257958403,0.30268974744046634
10498,1,-1.4492298985637242,-0.772388922917433
10499,3,0.3455322813960197,0.045158986578255796
10500,0,1.618401761377812,0.13546504610494897
10501,3,0.8617815392073378,-0.626009785209053
10502,0,1.5204663398039395,0.46219802349758454
10503,0,0.6922710240788617,0.8260820562392964
10504,1,-1.835328854048171,-0.6051844384938261
10505,2,-1.9061907443823445,3.3161237447715335
10506,1,-0.9607120527925369,-1.3559044420465707
10507,0,1.7721231257455787,0.7710325533140067
10508,0,1.5212574144249658,0.296912977311067
10509,0,2.434221266921099,0.16430723447754048
10510,1,-2.0145724484484755,0.12256599942513476
10511,1,-2.6512699924693823,-0.5831672276688773
10512,3,0.6056846859927884,-0.28417682652606
10513,2,-3.1752998224579825,2.0000961321342823
10514,0,2.032792633201612,1.1212541641780736
10515,3,0.21188512514820843,-0.585470577269313
10516,3,0.2325552444166102,0.03641014854586774
10517,1,-1.8427649586581798,-0.4991117063013995
10518,0,1.235107981364654,0.3369869010085838
10519,3,0.7489866579399768,-0.6441485916157658
10520,0,2.5971278199960035,0.20267669892538448
10521,3,-0.5341596331319127,0.11861564917060427
10522,1,-1.5883069272895307,-1.8623566554825195
10523,0,1.5003452316383343,0.6186470335813988
10524,3,0.2758884270412244,-0.8459262462565463
10525,3,0.05045148931960963,0.4138191744450116
10526,0,0.7353724164050327,0.611753375165737
10527,3,-0.5649448029581856,-0.20387847443514212
10528,0,2.089341500887499,0.3974759252020564
10529,3,-0.3620478907597116,-0.002930002806651161
10530,3,0.48117483306869696,-0.13602826555873268
10531,1,-2.6205658482609273,-1.372019962286326
10532,3,-0.05362682758293187,-0.5289870765520861
10533,1,-0.8978491345020492,-0.1725764327117554
10534,3,-0.5042002506625759,0.5261434412356276
10535,0,0.9787388904032827,-0.12290945803486951
10536,3,-0.20181049244598864,0.12899419348568983
10537,3,-0.23914481963046055,0.17306173038663533
10538,1,-0.7188550519061203,-1.0167519065360058
10539,3,-0.33290399798216747,0.18777980260156435
10540,3,0.49351031354818703,-0.5214417163324181
10541,0,2.799708242684771,0.4531703290021279
10542,0,2.4358238855291683,0.20554861708304242
10543,1,-0.769094247147767,-1.1843378668303075
10544,3,0.1579357712875612,-0.14289913481034408
10545,3,-0.40569169031039937,0.5008306068323004
10546,0,1.0256628799225382,0.6554734533251342
10547,0,0.9935223843213806,-0.246123221207807
10548,1,-1.7222949339496882,-0.7161753249637361
10549,3,0.469607120031739,0.6807001885598319
10550,3,0.3486478496135349,-0.6505695653890263
10551,0,2.3478538848795836,0.2808701976118277
10552,0,1.1671826661315656,0.5692578248847082
10553,0,1.3469258005729121,0.15761768176769442
10554,3,0.5031565934669316,-0.3023834164623743
10555,1,-0.41634178832143226,-1.2975467700292898
10556,3,-0.7158703900685723,0.9867644260617563
10557,0,1.7923286410383732,-0.14697129208944787
10558,1,-0.5040387053209319,-1.1578579467523886
10559,0,1.977216731493727,-0.17408142113959185
10560,3,0.34799847030716197,-0.04064265532264843
10561,1,-0.5569199305384445,-1.2404670620943574
10562,1,-0.8085124477127649,-1.24139155616581
10563,3,0.9925533205213538,-0.5467744448320208
10564,1,-2.6052484497132906,-1.9959061168062826
10565,0,1.2135730311537267,0.0392547380328046
10566,0,1.8093899255164543,1.041704367078533
10567,1,-1.07729313375786,-1.5809569183033334
10568,3,0.05932139586758881,1.236039585671813
10569,1,-1.2848652932843183,-1.5376567519156625
10570,0,2.3775701938877005,1.447466752152442
10571,0,2.407590960316128,0.15653289440126522
10572,3,-0.6611828226819966,-0.12706236342081395
10573,3,-0.2251732780816771,-1.2338636348915868
10574,1,-0.8875284728212682,-0.4574436475576393
10575,0,1.0123657368865229,0.5105475224970498
10576,1,-1.7657487479976144,-0.654081595459276
10577,1,-0.8738131478637208,-0.24628391644728856
10578,0,0.9677504388825933,0.893358583032647
10579,0,1.8177267366198797,-0.39216430319040685
10580,3,0.45577922773208507,-0.28104419551962906
10581,3,0.24265240840892593,-0.05108020553981691
10582,0,0.8274382197950656,0.32853335835148983
10583,3,-0.2095044263981512,1.3904547969769365
10584,1,-1.1982041471111482,-0.6040513238120399
10585,3,0.3688858873351001,0.9344090668615932
10586,3,0.6625938983349235,-0.2696785613152413
10587,3,0.8967586780265769,-0.7593583784653233
10588,3,0.5252791172814993,0.06976340560822726
10589,3,-0.3885932650178561,0.20014711681288766
10590,0,1.8490608562794841,0.9944520716308679
10591,3,-0.3815648943649279,0.6511025071925769
10592,3,0.668570865600835,-0.6891502142426872
10593,3,-0.043784522636742346,-0.9098866788420737
10594,3,0.6719742950809084,-0.18791924912316255
10595,1,-0.6130999584270528,-1.4093817505688766
10596,3,0.5393562417687771,-0.5393281781041794
10597,0,0.9461524565241048,0.05299652834169017
10598,0,1.6887207041545838,0.24258925447582705
10599,0,2.011446817913854,-0.13508035854720749
10600,3,0.7244593273052595,-0.30476446702080884
10601,1,-1.2444476594107374,-0.3524222736415429
10602,3,0.5273916850958567,0.10193477300534384
10603,1,-2.676184108802333,-0.22621523327630674
10604,0,1.4508384812672155,0.08510474340323071
10605,3,0.14586713778497365,-0.11038522106745956
10606,0,1.1305913588204966,-0.46937669223635153
10607,0,0.37185045504481196,1.3438980976176818
10608,3,0.8105846858144437,-0.5675313649349849
10609,3,0.2523606002013263,-0.04636303783031838
10610,3,-0.4473537154701948,-0.5593759442291629
10611,3,0.14726840193974575,-0.8506671965875789
10612,3,0.05925295835811411,-0.5513670302727927
10613,1,-0.9559474806839053,-0.29233653244760216
10614,0,0.9023895694357372,0.3771964567372296
10615,3,0.3819161091596876,0.5648820190895854
10616,3,0.584821403006301,0.732927670080387
10617,3,0.5515748988510044,0.3393671162718349
10618,3,0.4465604082399782,0.3181660714925624
10619,2,-1.183263874397909,2.5865573955278465
10620,0,1.2781813016006256,-0.06598082841926564
10621,2,-3.9339741069351413,0.8122321314817189
10622,0,1.0971302255703321,-0.14371201779808454
10623,0,1.6972902784150372,-0.18852795057166297
10624,3,0.6230026853080144,-0.7582924504491865
10625,3,0.7484277242159678,-0.3785098482306963
10626,1,-0.49290455837535196,-0.9932506190032651
10627,3,0.8148630127018912,-0.25407523554316425
10628,3,0.5209001341299283,-0.6301673317843723
10629,3,0.7371397478685212,-0.0361012786659361
10630,0,1.4970987807572014,0.9392949279582398
10631,1,-2.1938373306659105,-2.1146923519964855
10632,0,1.470535548531638,0.695755184969764
10633,1,-1.7053764777003073,-1.4682913303405805
10634,1,-1.0271723125465184,-1.5041369748854252
10635,3,-0.11961051315183034,-0.3916151833933004
10636,0,1.3499928143809834,-0.4268494126033201
10637,2,-2.4087652719052777,2.0170266414488904
10638,0,0.5202533046935941,0.9823819632060952
10639,1,-0.6913329223214768,-0.8997183979264075
10640,0,1.029521658748571,-0.42336505128249335
10641,3,-0.022315911526451907,0.1926823333064303
10642,0,0.9943127528398179,-0.19035661651544053
10643,3,0.08320552102523662,-0.8386835227948749
10644,2,-0.7345515567051961,1.5319836929129793
10645,1,-0.99268152419924,-1.5335152963849779
10646,0,1.22490871284239,-0.02416313273845946
10647,3,0.8994767017096286,-0.19993885438117745
10648,3,-0.4908891941721137,-0.6810633299117251
10649,3,0.7624889867097512,-0.20056828868744384
10650,1,-1.8651860259620723,-0.9911975401217974
10651,0,1.392809109094975,-0.10870189001531134
10652,0,1.1737063937246597,0.07498640268750231
10653,3,-0.9350155639051022,0.6348364910078286
10654,2,-1.6661491197414608,0.7624889324006067
10655,0,1.7861692092388004,1.4480696391134795
10656,0,1.7310401014073291,-0.019339857050894357
10657,3,0.5084675939191747,0.35447768640176064
10658,0,1.1187782206410726,-0.21444701113145587
10659,2,-2.195403132265514,0.36991218844016427
10660,0,1.2537823734773268,-0.4283989999543632
10661,2,-1.0461266191046408,1.4930982351683975
10662,3,0.004359146200089911,0.5382398669249709
10663,1,-1.1116254072660217,-0.5990989498868623
10664,3,-0.11960903242870807,-0.6967598612627021
10665,3,-0.24646611328886886,-0.13618881776953018
10666,2,-2.4347049611214446,1.8479217255553186
10667,1,-0.7068827837081796,-0.7920779937562801
10668,3,0.22314625652550518,0.8788745987754938
10669,3,0.7599045573609737,-0.681531744823419
10670,3,-0.08635618433781306,-1.0704449706075436
10671,0,1.2876534031920677,0.7084931824836417
10672,2,-6.979927560929669,2.234876726522256
10673,3,0.022834243130817954,-0.005000746919878088
10674,0,0.5655515599837305,1.3150914426621418
10675,0,1.0386870955413599,-0.320356876408921
10676,3,0.5461712694247194,0.6414828162307689
10677,0,0.8765114264664033,0.6349246027633296
10678,1,-0.751265284805821,-0.6585987799903352
10679,1,-0.7804346218577817,-1.400017216678967
10680,3,0.16340713757507555,-0.18342356213246125
10681,0,1.377279175185982,-0.4792464513350889
10682,0,1.1940836357611393,-0.4270830599701255
10683,3,0.482326074515876,0.1416673891346985
10684,3,0.18877333652433315,-0.9471670513233392
10685,0,2.133998389138045,0.16300612718126645
10686,1,-1.2039062289957143,-1.3323117003606881
10687,3,0.6163608318977191,0.5014315155799306
10688,3,-0.39453852899723224,-0.36476013868046864
10689,3,-0.09263675726873749,-0.2441140518297932
10690,2,-2.5749907848107796,3.7309133375350925
10691,0,1.1608703350241867,0.184073265086992
10692,1,-1.5553229860034405,0.272347658578026
10693,0,1.8798424816578603,-0.18508682379295724
10694,1,-2.3854422650371654,-0.34693352793862464
10695,2,-2.514796140313185,2.04475969921091
10696,1,-2.9980405730692863,-1.3657084834069386
10697,1,-1.0157098963805786,-0.7566423501622315
10698,2,-2.1889095902187656,1.6463676181466702
10699,3,0.22118333801805673,-0.4997662435442705
10700,2,-3.9934581988482627,1.0182491852334028
10701,0,2.601811698282195,0.5165788499049938
10702,0,2.0818657030806462,0.0009543158779907169
10703,3,0.6000660139914156,-0.42241528934541195
10704,1,-1.2565032140596768,0.017143695123768486
10705,0,1.5136062322492323,0.3506326392859959
10706,2,-1.5911335466150114,3.229709697696332
10707,1,-1.802054612284881,-0.5436616010794767
10708,1,-0.7329953930012529,-0.4724730884172075
10709,0,0.556405715686316,0.8282837123149804
10710,1,-0.7003907697192016,-0.8465216565883221
10711,0,2.4312115575746156,1.4465148288937817
10712,0,1.94842615530555,0.04163334442721734
10713,0,1.5907742018286517,-0.19585589474913678
10714,3,1.002927769466501,-0.4382762111958913
10715,2,-1.5580007779983542,2.0437096025700034
10716,0,1.2981625390231817,0.06719600322164311
10717,1,-1.1331358664995719,-1.1474367470921012
10718,3,0.5033853860001466,-0.7817695026653801
10719,2,-4.538668778967559,2.2235071872701146
10720,3,-0.4235517051517232,-0.3425606214594805
10721,3,0.002688298526810646,0.1254851214208508
10722,1,-0.9260391961623894,-0.5662209920671397
10723,2,-1.1671691402556887,0.7713466157702968
10724,3,0.11873277612038706,-0.8187634360264818
10725,3,0.7176417414224514,-0.051345220332129085
10726,3,0.5514637594077653,-0.12471270694557518
10727,3,0.3353944262828118,-0.9631462511113332
10728,0,1.2529526343866901,-0.5053639692689758
10729,3,0.10641827725395035,1.1309438977744513
10730,0,2.2271273159552614,1.3559563827600603
10731,1,-1.1424976373514948,-0.7311811803166605
10732,3,0.6754020646611627,0.39138619292379045
10733,1,-0.39287116651777787,-1.1827108799537036
10734,3,0.5182724765308988,-0.40487630972557875
10735,0,1.3057872140886324,-0.4583290297907301
10736,0,0.9023985334053057,0.45558264459834397
10737,3,-0.6101301394486128,0.8606789608496326
10738,2,-2.820452126070351,0.5425545975270516
10739,1,-1.1602017284674697,-0.09659107418004316
10740,3,0.14549678614460998,0.36892149312412276
10741,3,0.00962179931627388,0.5542024434928865
10742,3,-0.3863352221774968,1.0733449173560976
10743,2,-0.881699616529269,1.405798337474774
10744,2,-2.1440873067168136,0.4509173830907041
10745,3,0.7828396565583258,-0.5704826054334987
10746,3,-0.03655262553669309,-0.2563473758181737
10747,2,-2.1451481959650986,2.7171177469330647
10748,0,1.2649856130094932,-0.12577511879514927
10749,1,-0.5568020411769342,-1.072670071825593
10750,1,-2.6365417705416068,-0.008210331583182651
10751,0,0.3582992289429886,1.4234843732574483
10752,3,-0.20002259163249234,-0.914616168862965
10753,2,-4.995719281107876,0.2235509339726529
10754,0,0.9634385220668397,0.6729798195348139
10755,1,-1.3661141040128377,-0.34794757495378337
10756,0,1.2299824813687998,-0.03872893498013478
10757,3,0.5143579055454149,-0.6449279884829101
10758,1,-1.7554928878691898,-1.8253209647146245
10759,0,0.9205701680932679,0.7797202342899625
10760,3,0.25333451622055597,0.8696195599705105
10761,2,-3.3995146539872394,1.5537367906037314
10762,1,-2.478848367555588,-1.117316157724097
10763,0,1.1565118925395645,-0.07992380073836976
10764,0,1.5181754534009326,0.12286049807755128
10765,0,1.4083400968555688,0.6608822742799705
10766,3,0.02294588346083341,0.6488576714229893
10767,0,1.6067144844811798,-0.42541377548857917
10768,0,1.64948708408185,0.011433205468970647
10769,1,-1.5636667670398923,-0.47339835139257896
10770,0,1.172036452061458,0.26683382837632663
10771,2,0.13486352294658518,2.2679176919424058
10772,0,0.4417535639348331,1.2804113886081627
10773,1,-1.3240938668972781,0.32798342555438076
10774,3,0.4528828096944937,-0.8552787830409001
10775,0,0.3024227439431836,1.8502602377872108
10776,1,-1.213407611871954,-1.0324936055519398
10777,0,1.7246374394257529,0.20952387787322177
10778,0,1.4972213018446185,0.36198012937539964
10779,1,-1.058905784922071,-1.3237771119361026
10780,2,-1.8135292376721681,0.708953791696975
10781,3,0.41652988930491536,-0.26377046847491903
10782,3,0.49048186660510895,-0.39667455058953177
10783,3,0.35566718050458496,0.46297984727292385
10784,3,-0.12077483114747767,-0.6102290922340348
10785,1,-1.7728504584865534,-0.09136471472867883
10786,3,-0.4296226655981883,0.9618892719703113
10787,0,1.626156938698676,-0.2720045391676394
10788,3,0.01276105524358377,0.29449673754610356
10789,0,0.6832421701119037,0.3216969227612068
10790,3,-0.6741165548797006,0.1272390020425696
10791,1,-2.7513369033420787,-0.5520901864984514
10792,0,1.3190209571204043,-0.03239739025909506
10793,0,1.1946529225113023,0.9128635865306249
10794,1,-2.277056661303784,-0.6348995812619052
10795,0,0.9552848734458034,-0.39761338819221714
10796,3,-0.4432617779768144,0.00025073655258710064
10797,2,-0.27194655703077886,1.6153965317772245
10798,2,-1.440862129380784,1.751284906243332
10799,3,-0.15137301030106687,-1.1489791130306146
